[{"type": "mod_tileset", "compatibility": ["UNDEAD_PEOPLE_BASE", "UNDEAD_PEOPLE", "MshockRealXotto", "MSX++DEAD_PEOPLE"], "tiles-new": [{"file": "Magiclysm_normal.png", "tiles": [{"id": "bg_shadow_frog", "fg": 1, "rotates": false}, {"id": "bg_shadow_goblin", "fg": 2, "rotates": false}, {"id": "bg_shadow_item", "fg": 3, "rotates": false}, {"id": "bg_shadow_normal", "fg": 4, "rotates": false}, {"id": "cestus", "fg": 5, "bg": 3, "rotates": false}, {"id": "t_dirtfloor", "fg": [{"weight": 1, "sprite": 7}, {"weight": 1, "sprite": 8}, {"weight": 1, "sprite": 9}, {"weight": 1, "sprite": 10}, {"weight": 1, "sprite": 11}], "rotates": false}, {"id": "bio_fuel_cell_blood", "fg": 12, "bg": 3, "rotates": false}, {"id": "overlay_wielded_bio_fuel_cell_blood", "fg": 12, "rotates": false}, {"id": "bio_sneeze_beam", "fg": 13, "bg": 3, "rotates": false}, {"id": "overlay_mutation_bio_sneeze_beam", "fg": 14, "rotates": false}, {"id": "overlay_wielded_bio_sneeze_beam", "fg": 13, "rotates": false}, {"id": "fd_clairvoyant", "fg": 580, "rotates": false}, {"id": "fd_darkness", "fg": 580, "rotates": false}, {"id": "fd_fright", "fg": 580, "rotates": false}, {"id": "fd_vault_atmosphere", "fg": 580, "rotates": false}, {"id": "soul_burn_item", "fg": 580, "rotates": false}, {"id": "f_altar", "fg": 15, "rotates": false}, {"id": "f_attunement_altar", "fg": 16, "rotates": false}, {"id": "f_demon_forge", "fg": 17}, {"id": "f_magiclysm_translocator_gate", "fg": 18}, {"id": "f_magic_bench", "fg": 19, "rotates": true, "multitile": true, "additional_tiles": [{"id": "center", "fg": 20}, {"id": "corner", "fg": [21, 22, 23, 24]}, {"id": "t_connection", "fg": [31, 32, 33, 34]}, {"id": "edge", "fg": [25, 26]}, {"id": "end_piece", "fg": [27, 28, 29, 30]}, {"id": "unconnected", "fg": [35, 35, 35, 35]}]}, {"id": "f_magic_circle", "fg": 36, "rotates": false}, {"id": "adrenal_gland_large", "fg": 37, "rotates": false}, {"id": "overlay_wielded_adrenal_gland_large", "fg": 37, "rotates": false}, {"id": "alumentum", "fg": 38, "rotates": false}, {"id": "overlay_wielded_alumentum", "fg": 38, "rotates": false}, {"id": "bulette_pearl", "fg": 39, "rotates": false}, {"id": "overlay_wielded_bulette_pearl", "fg": 39, "rotates": false}, {"id": "bulette_plate", "fg": 40, "rotates": false}, {"id": "overlay_wielded_bulette_plate", "fg": 40, "rotates": false}, {"id": "vp_bulette_plate", "fg": 41, "rotates": false}, {"id": "copper_circlet", "fg": 42, "rotates": false}, {"id": "overlay_wielded_copper_circlet", "fg": 42, "rotates": false}, {"id": "overlay_worn_copper_circlet", "fg": 43, "rotates": false}, {"id": "copper_infuser", "fg": 44, "rotates": false}, {"id": "overlay_wielded_copper_infuser", "fg": 44, "rotates": false}, {"id": "overlay_worn_copper_infuser", "fg": 45, "rotates": false}, {"id": "demon_chitin_piece", "fg": 46, "rotates": false}, {"id": "overlay_wielded_demon_chitin_piece", "fg": 46, "rotates": false}, {"id": "demon_chitin_plate", "fg": 47, "rotates": false}, {"id": "overlay_wielded_demon_chitin_plate", "fg": 47, "rotates": false}, {"id": "demon_spider_fang", "fg": 48, "rotates": false}, {"id": "overlay_wielded_demon_spider_fang", "fg": 48, "rotates": false}, {"id": "dragon_essence", "fg": 49, "rotates": false}, {"id": "overlay_wielded_dragon_essence", "fg": 49, "rotates": false}, {"id": "glow_dust", "fg": 50}, {"id": "overlay_wielded_glow_dust", "fg": 50}, {"id": "glow_light", "fg": 51, "rotates": false}, {"id": "overlay_wielded_glow_light", "fg": 51, "rotates": false}, {"id": "glow_light_off", "fg": 52, "rotates": false}, {"id": "overlay_wielded_glow_light_off", "fg": 52, "rotates": false}, {"id": "overlay_wielded_owlbear_stone", "fg": 53}, {"id": "owlbear_stone", "fg": 53}, {"id": "overlay_wielded_potion_starter", "fg": 54}, {"id": "potion_starter", "fg": 54}, {"id": "overlay_wielded_silver_infuser", "fg": 55, "rotates": false}, {"id": "silver_infuser", "fg": 55, "rotates": false}, {"id": "overlay_worn_silver_infuser", "fg": 56, "rotates": false}, {"id": "overlay_wielded_stirge_proboscis", "fg": 57, "rotates": false}, {"id": "stirge_proboscis", "fg": 57, "rotates": false}, {"id": "overlay_wielded_stone_shell", "fg": 58}, {"id": "stone_shell", "fg": 58}, {"id": "blood", "fg": 59, "rotates": false}, {"id": "overlay_wielded_blood", "fg": 59, "rotates": false}, {"id": "dragon_blood", "fg": 60, "rotates": false}, {"id": "overlay_wielded_dragon_blood", "fg": 60, "rotates": false}, {"id": "overlay_wielded_tainted_blood", "fg": 61, "rotates": false}, {"id": "tainted_blood", "fg": 61, "rotates": false}, {"id": "arrow_odin", "fg": 62, "rotates": false}, {"id": "overlay_wielded_arrow_odin", "fg": 62, "rotates": false}, {"id": "ichaival", "fg": 63, "rotates": false}, {"id": "overlay_wielded_ichaival", "fg": 64, "rotates": false}, {"id": "overlay_wielded_quiver", "fg": 65, "rotates": false}, {"id": "quiver", "fg": 65, "bg": 3, "rotates": false}, {"id": "overlay_worn_quiver", "fg": 66, "rotates": false}, {"id": "overlay_wielded_quiver_birchbark", "fg": 67, "rotates": false}, {"id": "quiver_birchbark", "fg": 67, "bg": 3, "rotates": false}, {"id": "overlay_worn_quiver_birchbark", "fg": 68, "rotates": false}, {"id": "overlay_wielded_quiver_large_birchbark", "fg": 69, "rotates": false}, {"id": "quiver_large_birchbark", "fg": 69, "bg": 3, "rotates": false}, {"id": "overlay_worn_quiver_large_birchbark", "fg": 70, "rotates": false}, {"id": "black_dragon_hide_raw", "fg": 71, "rotates": false}, {"id": "overlay_wielded_black_dragon_hide_raw", "fg": 71, "rotates": false}, {"id": "black_dragon_tanned_hide", "fg": 72, "rotates": false}, {"id": "overlay_wielded_black_dragon_tanned_hide", "fg": 72, "rotates": false}, {"id": "black_dragon_tanning_hide", "fg": 73, "rotates": false}, {"id": "overlay_wielded_black_dragon_tanning_hide", "fg": 73, "rotates": false}, {"id": "boots_black_dragon_hide", "fg": 74, "rotates": false}, {"id": "overlay_wielded_boots_black_dragon_hide", "fg": 74, "rotates": false}, {"id": "overlay_worn_boots_black_dragon_hide", "fg": 75, "rotates": false}, {"id": "boots_black_dragon_scale", "fg": 76, "rotates": false}, {"id": "overlay_wielded_boots_black_dragon_scale", "fg": 76, "rotates": false}, {"id": "overlay_worn_boots_black_dragon_scale", "fg": 77, "rotates": false}, {"id": "boots_xlblack_dragon_hide", "fg": 78, "rotates": false}, {"id": "overlay_wielded_boots_xlblack_dragon_hide", "fg": 78, "rotates": false}, {"id": "boots_xlblack_dragon_scale", "fg": 79, "rotates": false}, {"id": "overlay_wielded_boots_xlblack_dragon_scale", "fg": 79, "rotates": false}, {"id": "dragon_black_scale", "fg": 80, "rotates": false}, {"id": "overlay_wielded_dragon_black_scale", "fg": 80, "rotates": false}, {"id": "gauntlets_black_dragon_scale", "fg": 81, "rotates": false}, {"id": "overlay_wielded_gauntlets_black_dragon_scale", "fg": 81, "rotates": false}, {"id": "overlay_worn_gauntlets_black_dragon_scale", "fg": 82, "rotates": false}, {"id": "gauntlets_xlblack_dragon_scale", "fg": 83, "rotates": false}, {"id": "overlay_wielded_gauntlets_xlblack_dragon_scale", "fg": 83, "rotates": false}, {"id": "gloves_black_dragon_hide", "fg": 84, "rotates": false}, {"id": "overlay_wielded_gloves_black_dragon_hide", "fg": 84, "rotates": false}, {"id": "overlay_worn_gloves_black_dragon_hide", "fg": 85, "rotates": false}, {"id": "gloves_xlblack_dragon_hide", "fg": 86, "rotates": false}, {"id": "overlay_wielded_gloves_xlblack_dragon_hide", "fg": 86, "rotates": false}, {"id": "helmet_black_dragon_hide", "fg": 87, "rotates": false}, {"id": "overlay_wielded_helmet_black_dragon_hide", "fg": 87, "rotates": false}, {"id": "overlay_worn_helmet_black_dragon_hide", "fg": 88, "rotates": false}, {"id": "helmet_black_dragon_scale", "fg": 89, "rotates": false}, {"id": "overlay_wielded_helmet_black_dragon_scale", "fg": 89, "rotates": false}, {"id": "overlay_worn_helmet_black_dragon_scale", "fg": 90, "rotates": false}, {"id": "helmet_xlblack_dragon_hide", "fg": 91, "rotates": false}, {"id": "overlay_wielded_helmet_xlblack_dragon_hide", "fg": 91, "rotates": false}, {"id": "helmet_xlblack_dragon_scale", "fg": 92, "rotates": false}, {"id": "overlay_wielded_helmet_xlblack_dragon_scale", "fg": 92, "rotates": false}, {"id": "overlay_wielded_suit_black_dragon_hide", "fg": 93, "rotates": false}, {"id": "suit_black_dragon_hide", "fg": 93, "rotates": false}, {"id": "overlay_worn_suit_black_dragon_hide", "fg": 94, "rotates": false}, {"id": "overlay_wielded_suit_black_dragon_scale", "fg": 95, "rotates": false}, {"id": "suit_black_dragon_scale", "fg": 95, "rotates": false}, {"id": "overlay_worn_suit_black_dragon_scale", "fg": 96, "rotates": false}, {"id": "overlay_wielded_suit_xlblack_dragon_hide", "fg": 97, "rotates": false}, {"id": "suit_xlblack_dragon_hide", "fg": 97, "rotates": false}, {"id": "overlay_wielded_suit_xlblack_dragon_scale", "fg": 98, "rotates": false}, {"id": "suit_xlblack_dragon_scale", "fg": 98, "rotates": false}, {"id": "lair_map", "fg": 99, "rotates": false}, {"id": "overlay_wielded_lair_map", "fg": 99, "rotates": false}, {"id": "overlay_wielded_retreat_map", "fg": 100, "rotates": false}, {"id": "retreat_map", "fg": 100, "rotates": false}, {"id": "overlay_wielded_wizard_photo", "fg": 101, "rotates": false}, {"id": "wizard_photo", "fg": 101, "rotates": false}, {"id": "animist_doll_decayed_pouncer", "fg": 102, "rotates": false}, {"id": "overlay_wielded_animist_doll_decayed_pouncer", "fg": 103, "rotates": false}, {"id": "animist_doll_skeleton", "fg": 104, "rotates": false}, {"id": "overlay_wielded_animist_doll_skeleton", "fg": 105, "rotates": false}, {"id": "animist_doll_zombie", "fg": 106, "rotates": false}, {"id": "overlay_wielded_animist_doll_zombie", "fg": 107, "rotates": false}, {"id": "cats_grace_potion", "fg": 108}, {"id": "overlay_wielded_cats_grace_potion", "fg": 108}, {"id": "eagles_sight_potion", "fg": 109}, {"id": "overlay_wielded_eagles_sight_potion", "fg": 109}, {"id": "foxs_cunning_potion", "fg": 110}, {"id": "overlay_wielded_foxs_cunning_potion", "fg": 110}, {"id": "mana_potion", "fg": 111, "rotates": false}, {"id": "overlay_wielded_mana_potion", "fg": 111, "rotates": false}, {"id": "mana_potion_greater", "fg": 112, "rotates": false}, {"id": "overlay_wielded_mana_potion_greater", "fg": 112, "rotates": false}, {"id": "mana_potion_lesser", "fg": 113, "rotates": false}, {"id": "overlay_wielded_mana_potion_lesser", "fg": 113, "rotates": false}, {"id": "ogres_strength_potion", "fg": 114}, {"id": "overlay_wielded_ogres_strength_potion", "fg": 114}, {"id": "overlay_wielded_twisted_restore_potion", "fg": 115, "rotates": false}, {"id": "twisted_restore_potion", "fg": 115, "rotates": false}, {"id": "overlay_wielded_twisted_restore_potion_improved", "fg": 116, "rotates": false}, {"id": "twisted_restore_potion_improved", "fg": 116, "rotates": false}, {"id": "overlay_wielded_rune_alchemist", "fg": 117}, {"id": "rune_alchemist", "fg": 117}, {"id": "overlay_wielded_rune_animist", "fg": 118}, {"id": "rune_animist", "fg": 118}, {"id": "overlay_wielded_rune_biomancer", "fg": 119}, {"id": "rune_biomancer", "fg": 119}, {"id": "overlay_wielded_rune_druid", "fg": 120}, {"id": "rune_druid", "fg": 120}, {"id": "overlay_wielded_rune_earthshaper", "fg": 121}, {"id": "rune_earthshaper", "fg": 121}, {"id": "overlay_wielded_rune_kelvinist", "fg": 122}, {"id": "rune_kelvinist", "fg": 122}, {"id": "overlay_wielded_rune_magus", "fg": 123}, {"id": "rune_magus", "fg": 123}, {"id": "overlay_wielded_rune_stormshaper", "fg": 124}, {"id": "rune_stormshaper", "fg": 124}, {"id": "overlay_wielded_rune_technomancer", "fg": 125}, {"id": "rune_technomancer", "fg": 125}, {"id": "egg_owlbear", "fg": 126}, {"id": "overlay_wielded_egg_owlbear", "fg": 126}, {"id": "egg_owlbear_rock", "fg": 127}, {"id": "overlay_wielded_egg_owlbear_rock", "fg": 127}, {"id": "hairball", "fg": 128, "rotates": false}, {"id": "overlay_wielded_hairball", "fg": 128, "rotates": false}, {"id": "impure_meat", "fg": 129, "rotates": false}, {"id": "overlay_wielded_impure_meat", "fg": 129, "rotates": false}, {"id": "meat_dragon", "fg": 130, "rotates": false}, {"id": "overlay_wielded_meat_dragon", "fg": 130, "rotates": false}, {"id": "overlay_wielded_purified_meat", "fg": 131, "rotates": false}, {"id": "purified_meat", "fg": 131, "rotates": false}, {"id": "overlay_wielded_scream_mush", "fg": 132, "rotates": false}, {"id": "scream_mush", "fg": 132, "rotates": false}, {"id": "broken_claygolem", "fg": 133, "rotates": false}, {"id": "overlay_wielded_broken_claygolem", "fg": 133, "rotates": false}, {"id": "broken_irongolem", "fg": 134, "rotates": false}, {"id": "overlay_wielded_broken_irongolem", "fg": 134, "rotates": false}, {"id": "broken_plasticgolem", "fg": 135, "rotates": false}, {"id": "overlay_wielded_broken_plasticgolem", "fg": 135, "rotates": false}, {"id": "broken_stonegolem", "fg": 136, "rotates": false}, {"id": "overlay_wielded_broken_stonegolem", "fg": 136, "rotates": false}, {"id": "bag_holding_1", "fg": 137, "rotates": false}, {"id": "overlay_wielded_bag_holding_1", "fg": 138, "rotates": false}, {"id": "overlay_female_worn_bag_holding_1", "fg": 139, "rotates": false}, {"id": "overlay_male_worn_bag_holding_1", "fg": 140, "rotates": false}, {"id": "bag_holding_2", "fg": 141, "rotates": false}, {"id": "overlay_wielded_bag_holding_2", "fg": 142, "rotates": false}, {"id": "overlay_female_worn_bag_holding_2", "fg": 143, "rotates": false}, {"id": "overlay_male_worn_bag_holding_2", "fg": 144, "rotates": false}, {"id": "bag_holding_3", "fg": 145, "rotates": false}, {"id": "overlay_wielded_bag_holding_3", "fg": 146, "rotates": false}, {"id": "overlay_female_worn_bag_holding_3", "fg": 147, "rotates": false}, {"id": "overlay_male_worn_bag_holding_3", "fg": 148, "rotates": false}, {"id": "belt_haste", "fg": 149, "rotates": false}, {"id": "overlay_wielded_belt_haste", "fg": 149, "rotates": false}, {"id": "overlay_worn_belt_haste", "fg": 150, "rotates": false}, {"id": "belt_str", "fg": 151, "rotates": false}, {"id": "overlay_wielded_belt_str", "fg": 151, "rotates": false}, {"id": "overlay_worn_belt_str", "fg": 152, "rotates": false}, {"id": "debug_fireball_hammer", "fg": 153, "rotates": false}, {"id": "overlay_wielded_debug_fireball_hammer", "fg": 154, "rotates": false}, {"id": "magi_staff_minor", "fg": 155, "rotates": false}, {"id": "overlay_wielded_magi_staff_minor", "fg": 156, "rotates": false}, {"id": "overlay_wielded_wizard_hat", "fg": 157, "rotates": false}, {"id": "wizard_hat", "fg": 157, "rotates": false}, {"id": "mbelt_haste", "fg": 158, "rotates": false}, {"id": "overlay_wielded_mbelt_haste", "fg": 158, "rotates": false}, {"id": "overlay_worn_mbelt_haste", "fg": 159, "rotates": false}, {"id": "mbelt_iron_whip", "fg": 160, "rotates": false}, {"id": "overlay_wielded_mbelt_iron_whip", "fg": 160, "rotates": false}, {"id": "overlay_worn_mbelt_iron_whip", "fg": 161, "rotates": false}, {"id": "mbelt_pockets_greater", "fg": 162, "rotates": false}, {"id": "overlay_wielded_mbelt_pockets_greater", "fg": 162, "rotates": false}, {"id": "overlay_worn_mbelt_pockets_greater", "fg": 163, "rotates": false}, {"id": "mbelt_pockets_lesser", "fg": 164, "rotates": false}, {"id": "overlay_wielded_mbelt_pockets_lesser", "fg": 164, "rotates": false}, {"id": "overlay_worn_mbelt_pockets_lesser", "fg": 165, "rotates": false}, {"id": "mbelt_technomancer_toolbelt", "fg": 166, "rotates": false}, {"id": "overlay_wielded_mbelt_technomancer_toolbelt", "fg": 166, "rotates": false}, {"id": "overlay_worn_mbelt_technomancer_toolbelt", "fg": 167, "rotates": false}, {"id": "mbelt_thor", "fg": 168, "rotates": false}, {"id": "overlay_wielded_mbelt_thor", "fg": 168, "rotates": false}, {"id": "overlay_worn_mbelt_thor", "fg": 169, "rotates": false}, {"id": "mbelt_weaponry", "fg": 170, "rotates": false}, {"id": "overlay_wielded_mbelt_weaponry", "fg": 170, "rotates": false}, {"id": "overlay_worn_mbelt_weaponry", "fg": 171, "rotates": false}, {"id": "mwhip_iron", "fg": 172, "rotates": false}, {"id": "overlay_wielded_mwhip_iron", "fg": 173, "rotates": false}, {"id": "mboots_escape", "fg": 174, "rotates": false}, {"id": "overlay_wielded_mboots_escape", "fg": 174, "rotates": false}, {"id": "overlay_worn_mboots_escape", "fg": 175, "rotates": false}, {"id": "mboots_grounding", "fg": 176, "rotates": false}, {"id": "overlay_wielded_mboots_grounding", "fg": 176, "rotates": false}, {"id": "overlay_worn_mboots_grounding", "fg": 177, "rotates": false}, {"id": "mboots_haste", "fg": 178, "rotates": false}, {"id": "overlay_wielded_mboots_haste", "fg": 178, "rotates": false}, {"id": "overlay_worn_mboots_haste", "fg": 179, "rotates": false}, {"id": "mboots_sevenleague", "fg": 180, "rotates": false}, {"id": "overlay_wielded_mboots_sevenleague", "fg": 180, "rotates": false}, {"id": "overlay_worn_mboots_sevenleague", "fg": 181, "rotates": false}, {"id": "mbracer_defense_greater", "fg": 182, "rotates": false}, {"id": "overlay_wielded_mbracer_defense_greater", "fg": 182, "rotates": false}, {"id": "overlay_worn_mbracer_defense_greater", "fg": 183, "rotates": false}, {"id": "mbracer_defense_lesser", "fg": 184, "rotates": false}, {"id": "overlay_wielded_mbracer_defense_lesser", "fg": 184, "rotates": false}, {"id": "overlay_worn_mbracer_defense_lesser", "fg": 185, "rotates": false}, {"id": "mbracer_lightning_greater", "fg": 186, "rotates": false}, {"id": "overlay_wielded_mbracer_lightning_greater", "fg": 186, "rotates": false}, {"id": "overlay_worn_mbracer_lightning_greater", "fg": 187, "rotates": false}, {"id": "mbracer_lightning_lesser", "fg": 188, "rotates": false}, {"id": "overlay_wielded_mbracer_lightning_lesser", "fg": 188, "rotates": false}, {"id": "overlay_worn_mbracer_lightning_lesser", "fg": 189, "rotates": false}, {"id": "mbracer_steel_pair", "fg": 190, "rotates": false}, {"id": "overlay_wielded_mbracer_steel_pair", "fg": 190, "rotates": false}, {"id": "overlay_worn_mbracer_steel_pair", "fg": 191, "rotates": false}, {"id": "mbracer_steel_single", "fg": 192, "rotates": false}, {"id": "overlay_wielded_mbracer_steel_single", "fg": 192, "rotates": false}, {"id": "overlay_worn_mbracer_steel_single", "fg": 193, "rotates": false}, {"id": "magic_suppressor", "fg": 194, "rotates": false}, {"id": "overlay_wielded_magic_suppressor", "fg": 194, "rotates": false}, {"id": "mana_dot_sight", "fg": 195, "rotates": false}, {"id": "overlay_wielded_mana_dot_sight", "fg": 195, "rotates": false}, {"id": "mana_laser_rail", "fg": 196, "rotates": false}, {"id": "overlay_wielded_mana_laser_rail", "fg": 196, "rotates": false}, {"id": "mana_laser_under", "fg": 197, "rotates": false}, {"id": "overlay_wielded_mana_laser_under", "fg": 197, "rotates": false}, {"id": "mmask_disappearance", "fg": 198, "rotates": false}, {"id": "overlay_wielded_mmask_disappearance", "fg": 198, "rotates": false}, {"id": "overlay_female_worn_mmask_disappearance", "fg": 199, "rotates": false}, {"id": "overlay_male_worn_mmask_disappearance", "fg": 200, "rotates": false}, {"id": "mmask_vision", "fg": 201, "rotates": false}, {"id": "overlay_wielded_mmask_vision", "fg": 201, "rotates": false}, {"id": "overlay_female_worn_mmask_vision", "fg": 202, "rotates": false}, {"id": "overlay_male_worn_mmask_vision", "fg": 203, "rotates": false}, {"id": "rune_animist_weapon", "fg": 204, "rotates": false}, {"id": "overlay_wielded_rune_animist_weapon", "fg": 205, "rotates": false}, {"id": "rune_biomancer_weapon", "fg": 206, "rotates": false}, {"id": "overlay_wielded_rune_biomancer_weapon", "fg": 207, "rotates": false}, {"id": "rune_kelvinist_weapon", "fg": 208, "rotates": false}, {"id": "overlay_wielded_rune_kelvinist_weapon", "fg": 209, "rotates": false}, {"id": "rune_magus_weapon", "fg": 210, "rotates": false}, {"id": "overlay_wielded_rune_magus_weapon", "fg": 211, "rotates": false}, {"id": "rune_stormshaper_weapon", "fg": 212, "rotates": false}, {"id": "overlay_wielded_rune_stormshaper_weapon", "fg": 213, "rotates": false}, {"id": "rune_technomancer_weapon", "fg": 214, "rotates": false}, {"id": "overlay_wielded_rune_technomancer_weapon", "fg": 215, "rotates": false}, {"id": "springstaff-extended", "fg": 216, "rotates": false}, {"id": "overlay_wielded_springstaff-extended", "fg": 217, "rotates": false}, {"id": "springstaff-retracted", "fg": 218, "rotates": false}, {"id": "overlay_wielded_springstaff-retracted", "fg": 219, "rotates": false}, {"id": "heat_cube", "fg": 220, "rotates": false}, {"id": "overlay_wielded_heat_cube", "fg": 220, "rotates": false}, {"id": "heat_cube_torch_on", "fg": 221, "rotates": false}, {"id": "overlay_wielded_heat_cube_torch_on", "fg": 221, "rotates": false}, {"id": "mflask_hip_whiskey", "fg": 222, "rotates": false}, {"id": "overlay_wielded_mflask_hip_whiskey", "fg": 223, "rotates": false}, {"id": "overlay_worn_mflask_hip_whiskey", "fg": 224, "rotates": false}, {"id": "mkey_opening", "fg": 225, "rotates": false}, {"id": "overlay_wielded_mkey_opening", "fg": 225, "rotates": false}, {"id": "mspider_box", "fg": 226, "rotates": false}, {"id": "overlay_wielded_mspider_box", "fg": 226, "rotates": false}, {"id": "mtailors_kit", "fg": 227, "rotates": false}, {"id": "overlay_wielded_mtailors_kit", "fg": 227, "rotates": false}, {"id": "mtorch_everburning", "fg": 228, "rotates": false}, {"id": "overlay_wielded_mtorch_everburning", "fg": 229, "rotates": false}, {"id": "mtorch_everburning_lit", "fg": 230, "rotates": false}, {"id": "overlay_wielded_mtorch_everburning_lit", "fg": 231, "rotates": false}, {"id": "gunblade", "fg": 232, "rotates": false}, {"id": "overlay_wielded_gunblade", "fg": 233, "rotates": false}, {"id": "m47a1", "fg": 234, "rotates": false}, {"id": "overlay_wielded_m47a1", "fg": 235, "rotates": false}, {"id": "rune_druid_weapon", "fg": 236, "rotates": false}, {"id": "overlay_wielded_rune_druid_weapon", "fg": 237, "rotates": false}, {"id": "mring_blades_lesser", "fg": 238, "rotates": false}, {"id": "overlay_wielded_mring_blades_lesser", "fg": 238, "rotates": false}, {"id": "mring_copper", "fg": 239, "rotates": false}, {"id": "overlay_wielded_mring_copper", "fg": 239, "rotates": false}, {"id": "mring_dexterity_1", "fg": 240, "rotates": false}, {"id": "overlay_wielded_mring_dexterity_1", "fg": 240, "rotates": false}, {"id": "mring_dexterity_2", "fg": 241, "rotates": false}, {"id": "overlay_wielded_mring_dexterity_2", "fg": 241, "rotates": false}, {"id": "mring_dexterity_3", "fg": 242, "rotates": false}, {"id": "overlay_wielded_mring_dexterity_3", "fg": 242, "rotates": false}, {"id": "mring_dexterity_4", "fg": 243, "rotates": false}, {"id": "overlay_wielded_mring_dexterity_4", "fg": 243, "rotates": false}, {"id": "mring_dodge_bonus_1", "fg": 244, "rotates": false}, {"id": "overlay_wielded_mring_dodge_bonus_1", "fg": 244, "rotates": false}, {"id": "mring_dodge_bonus_2", "fg": 245, "rotates": false}, {"id": "overlay_wielded_mring_dodge_bonus_2", "fg": 245, "rotates": false}, {"id": "mring_gold", "fg": 246, "rotates": false}, {"id": "overlay_wielded_mring_gold", "fg": 246, "rotates": false}, {"id": "mring_intelligence_1", "fg": 247, "rotates": false}, {"id": "overlay_wielded_mring_intelligence_1", "fg": 247, "rotates": false}, {"id": "mring_intelligence_2", "fg": 248, "rotates": false}, {"id": "overlay_wielded_mring_intelligence_2", "fg": 248, "rotates": false}, {"id": "mring_intelligence_3", "fg": 249, "rotates": false}, {"id": "overlay_wielded_mring_intelligence_3", "fg": 249, "rotates": false}, {"id": "mring_intelligence_4", "fg": 250, "rotates": false}, {"id": "overlay_wielded_mring_intelligence_4", "fg": 250, "rotates": false}, {"id": "mring_perception_1", "fg": 251, "rotates": false}, {"id": "overlay_wielded_mring_perception_1", "fg": 251, "rotates": false}, {"id": "mring_perception_2", "fg": 252, "rotates": false}, {"id": "overlay_wielded_mring_perception_2", "fg": 252, "rotates": false}, {"id": "mring_perception_3", "fg": 253, "rotates": false}, {"id": "overlay_wielded_mring_perception_3", "fg": 253, "rotates": false}, {"id": "mring_perception_4", "fg": 254, "rotates": false}, {"id": "overlay_wielded_mring_perception_4", "fg": 254, "rotates": false}, {"id": "mring_platinum", "fg": 255, "rotates": false}, {"id": "overlay_wielded_mring_platinum", "fg": 255, "rotates": false}, {"id": "mring_protection_2", "fg": 256, "rotates": false}, {"id": "overlay_wielded_mring_protection_2", "fg": 256, "rotates": false}, {"id": "mring_protection_4", "fg": 257, "rotates": false}, {"id": "overlay_wielded_mring_protection_4", "fg": 257, "rotates": false}, {"id": "mring_protection_6", "fg": 258, "rotates": false}, {"id": "overlay_wielded_mring_protection_6", "fg": 258, "rotates": false}, {"id": "mring_protection_8", "fg": 259, "rotates": false}, {"id": "overlay_wielded_mring_protection_8", "fg": 259, "rotates": false}, {"id": "mring_silver", "fg": 260, "rotates": false}, {"id": "overlay_wielded_mring_silver", "fg": 260, "rotates": false}, {"id": "mring_speed_10", "fg": 261, "rotates": false}, {"id": "overlay_wielded_mring_speed_10", "fg": 261, "rotates": false}, {"id": "mring_speed_3", "fg": 262, "rotates": false}, {"id": "overlay_wielded_mring_speed_3", "fg": 262, "rotates": false}, {"id": "mring_speed_5", "fg": 263, "rotates": false}, {"id": "overlay_wielded_mring_speed_5", "fg": 263, "rotates": false}, {"id": "mring_speed_7", "fg": 264, "rotates": false}, {"id": "overlay_wielded_mring_speed_7", "fg": 264, "rotates": false}, {"id": "mring_strength_1", "fg": 265, "rotates": false}, {"id": "overlay_wielded_mring_strength_1", "fg": 265, "rotates": false}, {"id": "mring_strength_2", "fg": 266, "rotates": false}, {"id": "overlay_wielded_mring_strength_2", "fg": 266, "rotates": false}, {"id": "mring_strength_3", "fg": 267, "rotates": false}, {"id": "overlay_wielded_mring_strength_3", "fg": 267, "rotates": false}, {"id": "mring_strength_4", "fg": 268, "rotates": false}, {"id": "overlay_wielded_mring_strength_4", "fg": 268, "rotates": false}, {"id": "mtoken_arming_sword", "fg": 269, "rotates": false}, {"id": "overlay_wielded_mtoken_arming_sword", "fg": 269, "rotates": false}, {"id": "mtoken_battleaxe", "fg": 270, "rotates": false}, {"id": "overlay_wielded_mtoken_battleaxe", "fg": 270, "rotates": false}, {"id": "mtoken_broadsword", "fg": 271, "rotates": false}, {"id": "overlay_wielded_mtoken_broadsword", "fg": 271, "rotates": false}, {"id": "mtoken_crowbar", "fg": 272, "rotates": false}, {"id": "overlay_wielded_mtoken_crowbar", "fg": 272, "rotates": false}, {"id": "mtoken_hammer", "fg": 273, "rotates": false}, {"id": "overlay_wielded_mtoken_hammer", "fg": 273, "rotates": false}, {"id": "mtoken_longsword", "fg": 274, "rotates": false}, {"id": "overlay_wielded_mtoken_longsword", "fg": 274, "rotates": false}, {"id": "mtoken_mace", "fg": 275, "rotates": false}, {"id": "overlay_wielded_mtoken_mace", "fg": 275, "rotates": false}, {"id": "mtoken_pike", "fg": 276, "rotates": false}, {"id": "overlay_wielded_mtoken_pike", "fg": 276, "rotates": false}, {"id": "mtoken_q_staff", "fg": 277, "rotates": false}, {"id": "overlay_wielded_mtoken_q_staff", "fg": 277, "rotates": false}, {"id": "mtoken_screwdriver_set", "fg": 278, "rotates": false}, {"id": "overlay_wielded_mtoken_screwdriver_set", "fg": 278, "rotates": false}, {"id": "mtoken_toolbox", "fg": 279, "rotates": false}, {"id": "overlay_wielded_mtoken_toolbox", "fg": 279, "rotates": false}, {"id": "cestus_plus_one", "fg": 280, "bg": 5}, {"id": "overlay_wielded_cestus_plus_one", "fg": 280}, {"id": "cestus_plus_two", "fg": 281, "bg": 5}, {"id": "overlay_wielded_cestus_plus_two", "fg": 281}, {"id": "flaming_fist", "fg": 282, "rotates": false}, {"id": "overlay_wielded_flaming_fist", "fg": 283, "rotates": false}, {"id": "flaming_fist_plus_one", "fg": 284, "bg": 282}, {"id": "overlay_wielded_flaming_fist_plus_one", "fg": 283, "rotates": false}, {"id": "flaming_fist_plus_two", "fg": 285, "bg": 282}, {"id": "overlay_wielded_flaming_fist_plus_two", "fg": 285}, {"id": "gauntlet_pounding", "fg": 286, "rotates": false}, {"id": "overlay_wielded_gauntlet_pounding", "fg": 287, "rotates": false}, {"id": "rune_earthshaper_weapon", "fg": 288, "rotates": false}, {"id": "overlay_wielded_rune_earthshaper_weapon", "fg": 289, "rotates": false}, {"id": "shotcestus", "fg": 290, "rotates": false}, {"id": "overlay_wielded_shotcestus", "fg": 291, "rotates": false}, {"id": "disp_wand", "fg": 292, "rotates": false}, {"id": "overlay_wielded_disp_wand", "fg": 293, "rotates": false}, {"id": "spell_wand", "fg": 294, "rotates": false}, {"id": "overlay_wielded_spell_wand", "fg": 295, "rotates": false}, {"id": "wand_cone_cold_greater", "fg": 296, "rotates": false}, {"id": "overlay_wielded_wand_cone_cold_greater", "fg": 297, "rotates": false}, {"id": "wand_cone_cold_lesser", "fg": 298, "rotates": false}, {"id": "overlay_wielded_wand_cone_cold_lesser", "fg": 299, "rotates": false}, {"id": "wand_cone_cold_minor", "fg": 300, "rotates": false}, {"id": "overlay_wielded_wand_cone_cold_minor", "fg": 301, "rotates": false}, {"id": "overlay_wielded_wand_disp_cone_cold_greater", "fg": 302, "rotates": false}, {"id": "wand_disp_cone_cold_greater", "fg": 302, "rotates": false}, {"id": "overlay_wielded_wand_disp_cone_cold_lesser", "fg": 303, "rotates": false}, {"id": "wand_disp_cone_cold_lesser", "fg": 303, "rotates": false}, {"id": "overlay_wielded_wand_disp_cone_cold_minor", "fg": 304, "rotates": false}, {"id": "wand_disp_cone_cold_minor", "fg": 304, "rotates": false}, {"id": "overlay_wielded_wand_disp_fireball_greater", "fg": 305, "rotates": false}, {"id": "wand_disp_fireball_greater", "fg": 305, "rotates": false}, {"id": "overlay_wielded_wand_disp_fireball_lesser", "fg": 306, "rotates": false}, {"id": "wand_disp_fireball_lesser", "fg": 306, "rotates": false}, {"id": "overlay_wielded_wand_disp_fireball_minor", "fg": 307, "rotates": false}, {"id": "wand_disp_fireball_minor", "fg": 307, "rotates": false}, {"id": "wand_disp_hoaryblast_greater", "fg": 308, "rotates": false}, {"id": "overlay_wielded_wand_disp_hoaryblast_greater", "fg": 309, "rotates": false}, {"id": "wand_disp_hoaryblast_lesser", "fg": 310, "rotates": false}, {"id": "overlay_wielded_wand_disp_hoaryblast_lesser", "fg": 311, "rotates": false}, {"id": "wand_disp_hoaryblast_minor", "fg": 312, "rotates": false}, {"id": "overlay_wielded_wand_disp_hoaryblast_minor", "fg": 313, "rotates": false}, {"id": "wand_disp_magic_missile_greater", "fg": 314, "rotates": false}, {"id": "overlay_wielded_wand_disp_magic_missile_greater", "fg": 315, "rotates": false}, {"id": "wand_disp_magic_missile_lesser", "fg": 316, "rotates": false}, {"id": "overlay_wielded_wand_disp_magic_missile_lesser", "fg": 317, "rotates": false}, {"id": "wand_disp_magic_missile_minor", "fg": 318, "rotates": false}, {"id": "overlay_wielded_wand_disp_magic_missile_minor", "fg": 319, "rotates": false}, {"id": "wand_disp_mana_beam_greater", "fg": 320, "rotates": false}, {"id": "overlay_wielded_wand_disp_mana_beam_greater", "fg": 321, "rotates": false}, {"id": "wand_disp_mana_beam_lesser", "fg": 322, "rotates": false}, {"id": "overlay_wielded_wand_disp_mana_beam_lesser", "fg": 323, "rotates": false}, {"id": "wand_disp_mana_beam_minor", "fg": 324, "rotates": false}, {"id": "overlay_wielded_wand_disp_mana_beam_minor", "fg": 325, "rotates": false}, {"id": "wand_disp_point_flare_greater", "fg": 326, "rotates": false}, {"id": "overlay_wielded_wand_disp_point_flare_greater", "fg": 327, "rotates": false}, {"id": "wand_disp_point_flare_lesser", "fg": 328, "rotates": false}, {"id": "overlay_wielded_wand_disp_point_flare_lesser", "fg": 329, "rotates": false}, {"id": "wand_disp_point_flare_minor", "fg": 330, "rotates": false}, {"id": "overlay_wielded_wand_disp_point_flare_minor", "fg": 331, "rotates": false}, {"id": "wand_fireball_greater", "fg": 332, "rotates": false}, {"id": "overlay_wielded_wand_fireball_greater", "fg": 333, "rotates": false}, {"id": "wand_fireball_lesser", "fg": 334, "rotates": false}, {"id": "overlay_wielded_wand_fireball_lesser", "fg": 335, "rotates": false}, {"id": "wand_fireball_minor", "fg": 336, "rotates": false}, {"id": "overlay_wielded_wand_fireball_minor", "fg": 337, "rotates": false}, {"id": "wand_hoaryblast_greater", "fg": 338, "rotates": false}, {"id": "overlay_wielded_wand_hoaryblast_greater", "fg": 339, "rotates": false}, {"id": "wand_hoaryblast_lesser", "fg": 340, "rotates": false}, {"id": "overlay_wielded_wand_hoaryblast_lesser", "fg": 341, "rotates": false}, {"id": "wand_hoaryblast_minor", "fg": 342, "rotates": false}, {"id": "overlay_wielded_wand_hoaryblast_minor", "fg": 343, "rotates": false}, {"id": "wand_magic_missile_greater", "fg": 344, "rotates": false}, {"id": "overlay_wielded_wand_magic_missile_greater", "fg": 345, "rotates": false}, {"id": "wand_magic_missile_lesser", "fg": 346, "rotates": false}, {"id": "overlay_wielded_wand_magic_missile_lesser", "fg": 347, "rotates": false}, {"id": "wand_magic_missile_minor", "fg": 348, "rotates": false}, {"id": "overlay_wielded_wand_magic_missile_minor", "fg": 349, "rotates": false}, {"id": "wand_mana_beam_greater", "fg": 350, "rotates": false}, {"id": "overlay_wielded_wand_mana_beam_greater", "fg": 351, "rotates": false}, {"id": "wand_mana_beam_lesser", "fg": 352, "rotates": false}, {"id": "overlay_wielded_wand_mana_beam_lesser", "fg": 353, "rotates": false}, {"id": "wand_mana_beam_minor", "fg": 354, "rotates": false}, {"id": "overlay_wielded_wand_mana_beam_minor", "fg": 355, "rotates": false}, {"id": "wand_point_flare_greater", "fg": 356, "rotates": false}, {"id": "overlay_wielded_wand_point_flare_greater", "fg": 357, "rotates": false}, {"id": "wand_point_flare_lesser", "fg": 358, "rotates": false}, {"id": "overlay_wielded_wand_point_flare_lesser", "fg": 359, "rotates": false}, {"id": "wand_point_flare_minor", "fg": 360, "rotates": false}, {"id": "overlay_wielded_wand_point_flare_minor", "fg": 361, "rotates": false}, {"id": "acid_res_aura", "fg": 580, "rotates": false}, {"id": "overlay_wielded_acid_res_aura", "fg": 580, "rotates": false}, {"id": "acid_res_aura_greater", "fg": 580, "rotates": false}, {"id": "overlay_wielded_acid_res_aura_greater", "fg": 580, "rotates": false}, {"id": "armor_stonefist", "fg": 362, "rotates": false}, {"id": "overlay_wielded_armor_stonefist", "fg": 362, "rotates": false}, {"id": "overlay_worn_armor_stonefist", "fg": 363, "rotates": false}, {"id": "aura_stoneskin", "fg": 364, "rotates": false}, {"id": "overlay_wielded_aura_stoneskin", "fg": 364, "rotates": false}, {"id": "overlay_female_worn_aura_stoneskin", "fg": 365, "rotates": false}, {"id": "overlay_male_worn_aura_stoneskin", "fg": 366, "rotates": false}, {"id": "bonespear", "fg": 367, "rotates": true}, {"id": "overlay_wielded_bonespear", "fg": 368, "rotates": true}, {"id": "dragon_shell_black", "fg": 369, "rotates": false}, {"id": "overlay_wielded_dragon_shell_black", "fg": 369, "rotates": false}, {"id": "overlay_worn_dragon_shell_black", "fg": [{"weight": 30, "sprite": 370}, {"weight": 30, "sprite": 371}, {"weight": 30, "sprite": 372}, {"weight": 30, "sprite": 373}], "animated": true, "rotates": false}, {"id": "druid_dust", "fg": 374, "rotates": false}, {"id": "overlay_wielded_druid_dust", "fg": 374, "rotates": false}, {"id": "druid_recurve", "fg": 375, "rotates": true}, {"id": "overlay_wielded_druid_recurve", "fg": 376, "rotates": true}, {"id": "druid_seed", "fg": 377, "rotates": false}, {"id": "overlay_wielded_druid_seed", "fg": 377, "rotates": false}, {"id": "finger_firelighter", "fg": 378}, {"id": "overlay_wielded_finger_firelighter", "fg": 379}, {"id": "fleshpouch", "fg": 380, "rotates": true}, {"id": "overlay_wielded_fleshpouch", "fg": 380, "rotates": true}, {"id": "overlay_worn_fleshpouch", "fg": 381, "rotates": true}, {"id": "ice_gliders", "fg": 382, "rotates": false}, {"id": "overlay_wielded_ice_gliders", "fg": 382, "rotates": false}, {"id": "overlay_worn_ice_gliders", "fg": 383, "rotates": false}, {"id": "magic_lamp", "fg": 384, "rotates": false}, {"id": "magic_light", "fg": 385, "rotates": false}, {"id": "obfuscating_aura", "fg": 386, "rotates": false}, {"id": "overlay_wielded_obfuscating_aura", "fg": 386, "rotates": false}, {"id": "overlay_wielded_shield_ice", "fg": 387, "rotates": false}, {"id": "shield_ice", "fg": 387, "rotates": false}, {"id": "overlay_worn_shield_ice", "fg": 388, "rotates": false}, {"id": "stonefist", "fg": 389, "rotates": false}, {"id": "overlay_wielded_stonefist", "fg": 390, "rotates": false}, {"id": "stormglove", "fg": 391, "rotates": false}, {"id": "overlay_wielded_stormglove", "fg": 392, "rotates": false}, {"id": "stormhammer", "fg": 393, "rotates": false}, {"id": "overlay_wielded_stormhammer", "fg": 394, "rotates": false}, {"id": "tentacle_whip", "fg": 395, "rotates": true}, {"id": "overlay_wielded_tentacle_whip", "fg": 396, "rotates": true}, {"id": "crystallized_mana", "fg": 397, "rotates": false}, {"id": "overlay_wielded_crystallized_mana", "fg": 397, "rotates": false}, {"id": "overlay_wielded_small_mana_crystal", "fg": 398, "rotates": false}, {"id": "small_mana_crystal", "fg": 398, "rotates": false}, {"id": "gram", "fg": 399, "rotates": false}, {"id": "overlay_wielded_gram", "fg": 400, "rotates": false}, {"id": "gungnir", "fg": 401, "rotates": false}, {"id": "laevateinn", "fg": 402, "rotates": false}, {"id": "overlay_wielded_laevateinn", "fg": 403, "rotates": false}, {"id": "mjolnir", "fg": 404, "bg": 3, "rotates": false}, {"id": "overlay_wielded_mjolnir", "fg": 405, "rotates": false}, {"id": "mithril_ingot", "fg": 406, "rotates": false}, {"id": "overlay_wielded_mithril_ingot", "fg": 406, "rotates": false}, {"id": "mithril_lump", "fg": 407, "rotates": false}, {"id": "overlay_wielded_mithril_lump", "fg": 407, "rotates": false}, {"id": "orichalcum_ingot", "fg": 408, "rotates": false}, {"id": "overlay_wielded_orichalcum_ingot", "fg": 408, "rotates": false}, {"id": "orichalcum_lump", "fg": 409, "rotates": false}, {"id": "overlay_wielded_orichalcum_lump", "fg": 409, "rotates": false}, {"id": "orichalcum_sliver", "fg": 410, "rotates": false}, {"id": "overlay_wielded_orichalcum_sliver", "fg": 410, "rotates": false}, {"id": "iv_black_dragon", "fg": 412, "rotates": false}, {"id": "overlay_wielded_iv_black_dragon", "fg": 412, "rotates": false}, {"id": "manatouched_serum", "fg": 411, "rotates": false}, {"id": "overlay_wielded_manatouched_serum", "fg": 411, "rotates": false}, {"id": "mutagen_black_dragon", "fg": 412, "rotates": false}, {"id": "overlay_wielded_mutagen_black_dragon", "fg": 412, "rotates": false}, {"id": "wand_fireball", "fg": 413, "rotates": false}, {"id": "overlay_wielded_wand_fireball", "fg": 414, "rotates": false}, {"id": "wand_magic_missile", "fg": 415, "rotates": false}, {"id": "overlay_wielded_wand_magic_missile", "fg": 416, "rotates": false}, {"id": "alchemy_basic", "fg": 417, "rotates": false}, {"id": "overlay_wielded_alchemy_basic", "fg": 417, "rotates": false}, {"id": "black_dragons", "fg": 418, "rotates": false}, {"id": "overlay_wielded_black_dragons", "fg": 418, "rotates": false}, {"id": "black_dragons_historical", "fg": 419, "rotates": false}, {"id": "overlay_wielded_black_dragons_historical", "fg": 419, "rotates": false}, {"id": "book_mythological", "fg": 420, "rotates": false}, {"id": "overlay_wielded_book_mythological", "fg": 420, "rotates": false}, {"id": "cooking_poison", "fg": 421, "rotates": false}, {"id": "overlay_wielded_cooking_poison", "fg": 421, "rotates": false}, {"id": "enchantment_basic", "fg": 422, "rotates": false}, {"id": "overlay_wielded_enchantment_basic", "fg": 422, "rotates": false}, {"id": "magic_armormaking", "fg": 423, "rotates": false}, {"id": "overlay_wielded_magic_armormaking", "fg": 423, "rotates": false}, {"id": "metal_legends", "fg": 424, "rotates": false}, {"id": "overlay_wielded_metal_legends", "fg": 424, "rotates": false}, {"id": "necro_basic", "fg": 425, "rotates": false}, {"id": "overlay_wielded_necro_basic", "fg": 425, "rotates": false}, {"id": "overlay_wielded_techno_basic", "fg": 426, "rotates": false}, {"id": "techno_basic", "fg": 426, "rotates": false}, {"id": "biomancer_spellbook", "fg": 427, "rotates": true}, {"id": "overlay_wielded_biomancer_spellbook", "fg": 427, "rotates": true}, {"id": "DEBUG_spellbook", "fg": 428, "rotates": false}, {"id": "overlay_wielded_DEBUG_spellbook", "fg": 428, "rotates": false}, {"id": "druid_spellbook", "fg": 429, "rotates": true}, {"id": "overlay_wielded_druid_spellbook", "fg": 429, "rotates": true}, {"id": "eshaper_spellbook", "fg": 430}, {"id": "overlay_wielded_eshaper_spellbook", "fg": 430}, {"id": "generic_spellbook", "fg": 431, "rotates": false}, {"id": "overlay_wielded_generic_spellbook", "fg": 431, "rotates": false}, {"id": "light_manipulation_spellbook", "fg": 432, "rotates": false}, {"id": "overlay_wielded_light_manipulation_spellbook", "fg": 432, "rotates": false}, {"id": "magus_spellbook", "fg": 433}, {"id": "overlay_wielded_magus_spellbook", "fg": 433}, {"id": "magus_spellbook_move", "fg": 434}, {"id": "overlay_wielded_magus_spellbook_move", "fg": 434}, {"id": "novice_stormshaper_book", "fg": 435, "rotates": false}, {"id": "overlay_wielded_novice_stormshaper_book", "fg": 435, "rotates": false}, {"id": "overlay_wielded_priest_advanced", "fg": 436, "rotates": false}, {"id": "priest_advanced", "fg": 436, "rotates": false}, {"id": "overlay_wielded_priest_beginner", "fg": 437, "rotates": false}, {"id": "priest_beginner", "fg": 437, "rotates": false}, {"id": "overlay_wielded_pyro", "fg": 438, "rotates": false}, {"id": "pyro", "fg": 438, "rotates": false}, {"id": "overlay_wielded_recovery_spellbook", "fg": 439, "rotates": false}, {"id": "recovery_spellbook", "fg": 439, "rotates": false}, {"id": "overlay_wielded_stat_up_spellbook", "fg": 440}, {"id": "stat_up_spellbook", "fg": 440}, {"id": "overlay_wielded_summon_scroll_smudged", "fg": 441}, {"id": "summon_scroll_smudged", "fg": 441}, {"id": "overlay_wielded_summon_undead_spellbook", "fg": 442}, {"id": "summon_undead_spellbook", "fg": 442}, {"id": "overlay_wielded_techno_em", "fg": 443}, {"id": "techno_em", "fg": 443}, {"id": "overlay_wielded_techno_fundamentals", "fg": 444}, {"id": "techno_fundamentals", "fg": 444}, {"id": "overlay_wielded_techno_idiots", "fg": 445}, {"id": "techno_idiots", "fg": 445}, {"id": "overlay_wielded_tome_of_storms", "fg": 446, "rotates": false}, {"id": "tome_of_storms", "fg": 446, "rotates": false}, {"id": "overlay_wielded_translocate_spellbook", "fg": 447}, {"id": "translocate_spellbook", "fg": 447}, {"id": "overlay_wielded_winter_grasp", "fg": 448, "rotates": true}, {"id": "winter_grasp", "fg": 448, "rotates": true}, {"id": "overlay_wielded_wizard_advanced", "fg": 449, "rotates": true}, {"id": "wizard_advanced", "fg": 449, "rotates": true}, {"id": "overlay_wielded_wizard_beginner", "fg": 450, "rotates": true}, {"id": "wizard_beginner", "fg": 450, "rotates": true}, {"id": "overlay_wielded_wizard_utility", "fg": 451, "rotates": true}, {"id": "wizard_utility", "fg": 451, "rotates": true}, {"id": "lightning_storm_scroll", "fg": 452, "rotates": false}, {"id": "overlay_wielded_lightning_storm_scroll", "fg": 452, "rotates": false}, {"id": ["overlay_wielded_spell_scroll", "overlay_wielded_spell_scroll_baleful_polymorph", "overlay_wielded_spell_scroll_boneclub", "overlay_wielded_spell_scroll_caustic_aura", "overlay_wielded_spell_scroll_feralform", "overlay_wielded_spell_scroll_flamebreath", "overlay_wielded_spell_scroll_flamesword", "overlay_wielded_spell_scroll_impactsling", "overlay_wielded_spell_scroll_improved_knock", "overlay_wielded_spell_scroll_knifeshot", "overlay_wielded_spell_scroll_knock", "overlay_wielded_spell_scroll_overcharge_eyes", "overlay_wielded_spell_scroll_repelling_arc", "overlay_wielded_spell_scroll_summon_floating_disk", "overlay_wielded_spell_scroll_tornskin"], "fg": 452, "rotates": false}, {"id": ["spell_scroll", "spell_scroll_baleful_polymorph", "spell_scroll_boneclub", "spell_scroll_caustic_aura", "spell_scroll_feralform", "spell_scroll_flamebreath", "spell_scroll_flamesword", "spell_scroll_impactsling", "spell_scroll_improved_knock", "spell_scroll_knifeshot", "spell_scroll_knock", "spell_scroll_overcharge_eyes", "spell_scroll_repelling_arc", "spell_scroll_summon_floating_disk", "spell_scroll_tornskin"], "fg": 452, "rotates": false}, {"id": "overlay_wielded_spell_scroll_acid_resistance", "fg": 452, "rotates": false}, {"id": "spell_scroll_acid_resistance", "fg": 452, "rotates": false}, {"id": "overlay_wielded_spell_scroll_animated_blade", "fg": 452, "rotates": false}, {"id": "spell_scroll_animated_blade", "fg": 452, "rotates": false}, {"id": "overlay_wielded_spell_scroll_biomancer_coagulant_weave", "fg": 452, "rotates": false}, {"id": "spell_scroll_biomancer_coagulant_weave", "fg": 452, "rotates": false}, {"id": "overlay_wielded_spell_scroll_biomancer_paralytic_dart", "fg": 452, "rotates": false}, {"id": "spell_scroll_biomancer_paralytic_dart", "fg": 452, "rotates": false}, {"id": "overlay_wielded_spell_scroll_biomancer_visceral_projection", "fg": 452, "rotates": false}, {"id": "spell_scroll_biomancer_visceral_projection", "fg": 452, "rotates": false}, {"id": "overlay_wielded_spell_scroll_bio_acidicspray", "fg": 452, "rotates": false}, {"id": "spell_scroll_bio_acidicspray", "fg": 452, "rotates": false}, {"id": "overlay_wielded_spell_scroll_bio_bonespear", "fg": 452, "rotates": false}, {"id": "spell_scroll_bio_bonespear", "fg": 452, "rotates": false}, {"id": "overlay_wielded_spell_scroll_bio_fleshpouch", "fg": 452, "rotates": false}, {"id": "spell_scroll_bio_fleshpouch", "fg": 452, "rotates": false}, {"id": "overlay_wielded_spell_scroll_bio_grotesque", "fg": 452, "rotates": false}, {"id": "spell_scroll_bio_grotesque", "fg": 452, "rotates": false}, {"id": "overlay_wielded_spell_scroll_bless", "fg": 452, "rotates": false}, {"id": "spell_scroll_bless", "fg": 452, "rotates": false}, {"id": "overlay_wielded_spell_scroll_blinding_flash", "fg": 452, "rotates": false}, {"id": "spell_scroll_blinding_flash", "fg": 452, "rotates": false}, {"id": "overlay_wielded_spell_scroll_burning_hands", "fg": 452, "rotates": false}, {"id": "spell_scroll_burning_hands", "fg": 452, "rotates": false}, {"id": "overlay_wielded_spell_scroll_cats_grace", "fg": 452, "rotates": false}, {"id": "spell_scroll_cats_grace", "fg": 452, "rotates": false}, {"id": "overlay_wielded_spell_scroll_chilling_touch", "fg": 452, "rotates": false}, {"id": "spell_scroll_chilling_touch", "fg": 452, "rotates": false}, {"id": "overlay_wielded_spell_scroll_clairvoyance", "fg": 452, "rotates": false}, {"id": "spell_scroll_clairvoyance", "fg": 452, "rotates": false}, {"id": "overlay_wielded_spell_scroll_cone_cold", "fg": 452, "rotates": false}, {"id": "spell_scroll_cone_cold", "fg": 452, "rotates": false}, {"id": "overlay_wielded_spell_scroll_create_atomic_lamp", "fg": 452, "rotates": false}, {"id": "spell_scroll_create_atomic_lamp", "fg": 452, "rotates": false}, {"id": "overlay_wielded_spell_scroll_create_atomic_light", "fg": 452, "rotates": false}, {"id": "spell_scroll_create_atomic_light", "fg": 452, "rotates": false}, {"id": "overlay_wielded_spell_scroll_create_lighter", "fg": 452, "rotates": false}, {"id": "spell_scroll_create_lighter", "fg": 452, "rotates": false}, {"id": "overlay_wielded_spell_scroll_crystallize_mana", "fg": 452, "rotates": false}, {"id": "spell_scroll_crystallize_mana", "fg": 452, "rotates": false}, {"id": "overlay_wielded_spell_scroll_dark_sight", "fg": 452, "rotates": false}, {"id": "spell_scroll_dark_sight", "fg": 452, "rotates": false}, {"id": "overlay_wielded_spell_scroll_druidic_healing", "fg": 452, "rotates": false}, {"id": "spell_scroll_druidic_healing", "fg": 452, "rotates": false}, {"id": "overlay_wielded_spell_scroll_druidic_regrowth", "fg": 452, "rotates": false}, {"id": "spell_scroll_druidic_regrowth", "fg": 452, "rotates": false}, {"id": "overlay_wielded_spell_scroll_druid_naturebow1", "fg": 452, "rotates": false}, {"id": "spell_scroll_druid_naturebow1", "fg": 452, "rotates": false}, {"id": "overlay_wielded_spell_scroll_druid_rootstrike", "fg": 452, "rotates": false}, {"id": "spell_scroll_druid_rootstrike", "fg": 452, "rotates": false}, {"id": "overlay_wielded_spell_scroll_druid_veggrasp", "fg": 452, "rotates": false}, {"id": "spell_scroll_druid_veggrasp", "fg": 452, "rotates": false}, {"id": "overlay_wielded_spell_scroll_druid_woodshaft", "fg": 452, "rotates": false}, {"id": "spell_scroll_druid_woodshaft", "fg": 452, "rotates": false}, {"id": "overlay_wielded_spell_scroll_eagles_sight", "fg": 452, "rotates": false}, {"id": "spell_scroll_eagles_sight", "fg": 452, "rotates": false}, {"id": "overlay_wielded_spell_scroll_earthshaper_pillar", "fg": 452, "rotates": false}, {"id": "spell_scroll_earthshaper_pillar", "fg": 452, "rotates": false}, {"id": "overlay_wielded_spell_scroll_earthshaper_stoneskin", "fg": 452, "rotates": false}, {"id": "spell_scroll_earthshaper_stoneskin", "fg": 452, "rotates": false}, {"id": "overlay_wielded_spell_scroll_eshaper_piercing_bolt", "fg": 452, "rotates": false}, {"id": "spell_scroll_eshaper_piercing_bolt", "fg": 452, "rotates": false}, {"id": "overlay_wielded_spell_scroll_eshaper_rockbolt", "fg": 452, "rotates": false}, {"id": "spell_scroll_eshaper_rockbolt", "fg": 452, "rotates": false}, {"id": "overlay_wielded_spell_scroll_eshaper_shardspray", "fg": 452, "rotates": false}, {"id": "spell_scroll_eshaper_shardspray", "fg": 452, "rotates": false}, {"id": "overlay_wielded_spell_scroll_eshaper_shardstorm", "fg": 452, "rotates": false}, {"id": "spell_scroll_eshaper_shardstorm", "fg": 452, "rotates": false}, {"id": "overlay_wielded_spell_scroll_ethereal_grasp", "fg": 452, "rotates": false}, {"id": "spell_scroll_ethereal_grasp", "fg": 452, "rotates": false}, {"id": "overlay_wielded_spell_scroll_fireball", "fg": 452, "rotates": false}, {"id": "spell_scroll_fireball", "fg": 452, "rotates": false}, {"id": "overlay_wielded_spell_scroll_foxs_cunning", "fg": 452, "rotates": false}, {"id": "spell_scroll_foxs_cunning", "fg": 452, "rotates": false}, {"id": "overlay_wielded_spell_scroll_freezing_touch", "fg": 452, "rotates": false}, {"id": "spell_scroll_freezing_touch", "fg": 452, "rotates": false}, {"id": "overlay_wielded_spell_scroll_frost_armor", "fg": 452, "rotates": false}, {"id": "spell_scroll_frost_armor", "fg": 452, "rotates": false}, {"id": "overlay_wielded_spell_scroll_frost_spray", "fg": 452, "rotates": false}, {"id": "spell_scroll_frost_spray", "fg": 452, "rotates": false}, {"id": "overlay_wielded_spell_scroll_glide_ice", "fg": 452, "rotates": false}, {"id": "spell_scroll_glide_ice", "fg": 452, "rotates": false}, {"id": "overlay_wielded_spell_scroll_gravity_well", "fg": 452, "rotates": false}, {"id": "spell_scroll_gravity_well", "fg": 452, "rotates": false}, {"id": "overlay_wielded_spell_scroll_hoary_blast", "fg": 452, "rotates": false}, {"id": "spell_scroll_hoary_blast", "fg": 452, "rotates": false}, {"id": "overlay_wielded_spell_scroll_holographic_transposition", "fg": 452, "rotates": false}, {"id": "spell_scroll_holographic_transposition", "fg": 452, "rotates": false}, {"id": "overlay_wielded_spell_scroll_holy_blade", "fg": 452, "rotates": false}, {"id": "spell_scroll_holy_blade", "fg": 452, "rotates": false}, {"id": "overlay_wielded_spell_scroll_ice_shield", "fg": 452, "rotates": false}, {"id": "spell_scroll_ice_shield", "fg": 452, "rotates": false}, {"id": "overlay_wielded_spell_scroll_ice_spike", "fg": 452, "rotates": false}, {"id": "spell_scroll_ice_spike", "fg": 452, "rotates": false}, {"id": "overlay_wielded_spell_scroll_invisibility", "fg": 452, "rotates": false}, {"id": "spell_scroll_invisibility", "fg": 452, "rotates": false}, {"id": "overlay_wielded_spell_scroll_jolt", "fg": 452, "rotates": false}, {"id": "spell_scroll_jolt", "fg": 452, "rotates": false}, {"id": "overlay_wielded_spell_scroll_lava_bomb", "fg": 452, "rotates": false}, {"id": "spell_scroll_lava_bomb", "fg": 452, "rotates": false}, {"id": "overlay_wielded_spell_scroll_laze", "fg": 452, "rotates": false}, {"id": "spell_scroll_laze", "fg": 452, "rotates": false}, {"id": "overlay_wielded_spell_scroll_lightning_blast", "fg": 452, "rotates": false}, {"id": "spell_scroll_lightning_blast", "fg": 452, "rotates": false}, {"id": "overlay_wielded_spell_scroll_lightning_bolt", "fg": 452, "rotates": false}, {"id": "spell_scroll_lightning_bolt", "fg": 452, "rotates": false}, {"id": "overlay_wielded_spell_scroll_light_healing", "fg": 452, "rotates": false}, {"id": "spell_scroll_light_healing", "fg": 452, "rotates": false}, {"id": "overlay_wielded_spell_scroll_magic_missile", "fg": 452, "rotates": false}, {"id": "spell_scroll_magic_missile", "fg": 452, "rotates": false}, {"id": "overlay_wielded_spell_scroll_magus_escape", "fg": 452, "rotates": false}, {"id": "spell_scroll_magus_escape", "fg": 452, "rotates": false}, {"id": "overlay_wielded_spell_scroll_magus_haste", "fg": 452, "rotates": false}, {"id": "spell_scroll_magus_haste", "fg": 452, "rotates": false}, {"id": "overlay_wielded_spell_scroll_magus_mana_beam", "fg": 452, "rotates": false}, {"id": "spell_scroll_magus_mana_beam", "fg": 452, "rotates": false}, {"id": "overlay_wielded_spell_scroll_magus_mana_blast", "fg": 452, "rotates": false}, {"id": "spell_scroll_magus_mana_blast", "fg": 452, "rotates": false}, {"id": "overlay_wielded_spell_scroll_magus_mana_bolt", "fg": 452, "rotates": false}, {"id": "spell_scroll_magus_mana_bolt", "fg": 452, "rotates": false}, {"id": "overlay_wielded_spell_scroll_megablast", "fg": 452, "rotates": false}, {"id": "spell_scroll_megablast", "fg": 452, "rotates": false}, {"id": "overlay_wielded_spell_scroll_mirror_image", "fg": 452, "rotates": false}, {"id": "spell_scroll_mirror_image", "fg": 452, "rotates": false}, {"id": "overlay_wielded_spell_scroll_necrotic_gaze", "fg": 452, "rotates": false}, {"id": "spell_scroll_necrotic_gaze", "fg": 452, "rotates": false}, {"id": "overlay_wielded_spell_scroll_nova_flare", "fg": 452, "rotates": false}, {"id": "spell_scroll_nova_flare", "fg": 452, "rotates": false}, {"id": "overlay_wielded_spell_scroll_obfuscated_body", "fg": 452, "rotates": false}, {"id": "spell_scroll_obfuscated_body", "fg": 452, "rotates": false}, {"id": "overlay_wielded_spell_scroll_ogres_strength", "fg": 452, "rotates": false}, {"id": "spell_scroll_ogres_strength", "fg": 452, "rotates": false}, {"id": "overlay_wielded_spell_scroll_pain_split", "fg": 452, "rotates": false}, {"id": "spell_scroll_pain_split", "fg": 452, "rotates": false}, {"id": "overlay_wielded_spell_scroll_phase_door", "fg": 452, "rotates": false}, {"id": "spell_scroll_phase_door", "fg": 452, "rotates": false}, {"id": "overlay_wielded_spell_scroll_point_flare", "fg": 452, "rotates": false}, {"id": "spell_scroll_point_flare", "fg": 452, "rotates": false}, {"id": "overlay_wielded_spell_scroll_protection_aura", "fg": 452, "rotates": false}, {"id": "spell_scroll_protection_aura", "fg": 452, "rotates": false}, {"id": "overlay_wielded_spell_scroll_purification_seed", "fg": 452, "rotates": false}, {"id": "spell_scroll_purification_seed", "fg": 452, "rotates": false}, {"id": "overlay_wielded_spell_scroll_quantum_tunnel_lesser", "fg": 452, "rotates": false}, {"id": "spell_scroll_quantum_tunnel_lesser", "fg": 452, "rotates": false}, {"id": "overlay_wielded_spell_scroll_recover_bionic_power", "fg": 452, "rotates": false}, {"id": "spell_scroll_recover_bionic_power", "fg": 452, "rotates": false}, {"id": "overlay_wielded_spell_scroll_recover_fatigue", "fg": 452, "rotates": false}, {"id": "spell_scroll_recover_fatigue", "fg": 452, "rotates": false}, {"id": "overlay_wielded_spell_scroll_recover_mana", "fg": 452, "rotates": false}, {"id": "spell_scroll_recover_mana", "fg": 452, "rotates": false}, {"id": "overlay_wielded_spell_scroll_recover_pain", "fg": 452, "rotates": false}, {"id": "spell_scroll_recover_pain", "fg": 452, "rotates": false}, {"id": "overlay_wielded_spell_scroll_recover_stamina", "fg": 452, "rotates": false}, {"id": "spell_scroll_recover_stamina", "fg": 452, "rotates": false}, {"id": "overlay_wielded_spell_scroll_seismic_stomp", "fg": 452, "rotates": false}, {"id": "spell_scroll_seismic_stomp", "fg": 452, "rotates": false}, {"id": "overlay_wielded_spell_scroll_animated_blade", "fg": 452, "rotates": false}, {"id": "spell_scroll_animated_blade", "fg": 452, "rotates": false}, {"id": "overlay_wielded_spell_scroll_summon_magic_motorcycle", "fg": 452, "rotates": false}, {"id": "spell_scroll_summon_magic_motorcycle", "fg": 452, "rotates": false}, {"id": "overlay_wielded_spell_scroll_smite", "fg": 452, "rotates": false}, {"id": "spell_scroll_smite", "fg": 452, "rotates": false}, {"id": "overlay_wielded_spell_scroll_spirit_armor", "fg": 452, "rotates": false}, {"id": "spell_scroll_spirit_armor", "fg": 452, "rotates": false}, {"id": "overlay_wielded_spell_scroll_stonefist", "fg": 452, "rotates": false}, {"id": "spell_scroll_stonefist", "fg": 452, "rotates": false}, {"id": "overlay_wielded_spell_scroll_stormshaper_ionization", "fg": 452, "rotates": false}, {"id": "spell_scroll_stormshaper_ionization", "fg": 452, "rotates": false}, {"id": "overlay_wielded_spell_scroll_stormshaper_wall_of_fog", "fg": 452, "rotates": false}, {"id": "spell_scroll_stormshaper_wall_of_fog", "fg": 452, "rotates": false}, {"id": "overlay_wielded_spell_scroll_storm_hammer", "fg": 452, "rotates": false}, {"id": "spell_scroll_storm_hammer", "fg": 452, "rotates": false}, {"id": "overlay_wielded_spell_scroll_summon_cats", "fg": 452, "rotates": false}, {"id": "spell_scroll_summon_cats", "fg": 452, "rotates": false}, {"id": "overlay_wielded_spell_scroll_summon_decayed_pouncer", "fg": 452, "rotates": false}, {"id": "spell_scroll_summon_decayed_pouncer", "fg": 452, "rotates": false}, {"id": "overlay_wielded_spell_scroll_bio_bonespear", "fg": 452, "rotates": false}, {"id": "spell_scroll_bio_bonespear", "fg": 452, "rotates": false}, {"id": "overlay_wielded_spell_scroll_summon_skeleton", "fg": 452, "rotates": false}, {"id": "spell_scroll_summon_skeleton", "fg": 452, "rotates": false}, {"id": "overlay_wielded_spell_scroll_summon_wisps", "fg": 452, "rotates": false}, {"id": "spell_scroll_summon_wisps", "fg": 452, "rotates": false}, {"id": "overlay_wielded_spell_scroll_summon_wolf", "fg": 452, "rotates": false}, {"id": "spell_scroll_summon_wolf", "fg": 452, "rotates": false}, {"id": "overlay_wielded_spell_scroll_summon_zombie", "fg": 452, "rotates": false}, {"id": "spell_scroll_summon_zombie", "fg": 452, "rotates": false}, {"id": "overlay_wielded_spell_scroll_synaptic_stimulation", "fg": 452, "rotates": false}, {"id": "spell_scroll_synaptic_stimulation", "fg": 452, "rotates": false}, {"id": "overlay_wielded_spell_scroll_taze", "fg": 452, "rotates": false}, {"id": "spell_scroll_taze", "fg": 452, "rotates": false}, {"id": "overlay_wielded_spell_scroll_vicious_tentacle", "fg": 452, "rotates": false}, {"id": "spell_scroll_vicious_tentacle", "fg": 452, "rotates": false}, {"id": "overlay_wielded_spell_scroll_windrun", "fg": 452, "rotates": false}, {"id": "spell_scroll_windrun", "fg": 452, "rotates": false}, {"id": "overlay_wielded_spell_scroll_windstrike", "fg": 452, "rotates": false}, {"id": "spell_scroll_windstrike", "fg": 452, "rotates": false}, {"id": "overlay_wielded_spell_scroll_x-ray", "fg": 452, "rotates": false}, {"id": "spell_scroll_x-ray", "fg": 452, "rotates": false}, {"id": "cauldron_demon_chitin", "fg": 453, "rotates": false}, {"id": "overlay_wielded_cauldron_demon_chitin", "fg": 454, "rotates": false}, {"id": "cauldron_orichalcum", "fg": 455, "rotates": false}, {"id": "overlay_wielded_cauldron_orichalcum", "fg": 456, "rotates": false}, {"id": "demon_forge", "fg": 457, "rotates": false}, {"id": "overlay_wielded_demon_forge", "fg": 458, "rotates": false}, {"id": "overlay_wielded_sewing_kit", "fg": 459, "rotates": false}, {"id": "sewing_kit", "fg": 459, "rotates": false}, {"id": "overlay_wielded_tailors_kit", "fg": 460}, {"id": "tailors_kit", "fg": 460}, {"id": "fold_orichalcum_frame", "fg": 461, "rotates": false}, {"id": "overlay_wielded_fold_orichalcum_frame", "fg": 462, "rotates": false}, {"id": "orichalcum_frame", "fg": 463, "rotates": false}, {"id": "overlay_wielded_orichalcum_frame", "fg": 464, "rotates": false}, {"id": "lizardfolk_club", "fg": 465, "rotates": false}, {"id": "overlay_wielded_lizardfolk_club", "fg": 466, "rotates": false}, {"id": "lizardfolk_javelin", "fg": 467, "rotates": false}, {"id": "overlay_wielded_lizardfolk_javelin", "fg": 468, "rotates": false}, {"id": "lizardfolk_javelin_gun", "fg": 469, "rotates": false}, {"id": "overlay_wielded_lizardfolk_javelin_gun", "fg": 469, "rotates": false}, {"id": "lizardfolk_trident", "fg": 470, "rotates": false}, {"id": "overlay_wielded_lizardfolk_trident", "fg": 471, "rotates": false}, {"id": "mana", "fg": 472, "rotates": false}, {"id": "overlay_wielded_mana", "fg": 472, "rotates": false}, {"id": "mon_demon_spider", "fg": 473, "bg": 4, "rotates": false}, {"id": "corpse_mon_demon_spider", "fg": 474, "rotates": false}, {"id": "mon_demon_spiderling", "fg": 475, "bg": 4, "rotates": false}, {"id": "corpse_mon_demon_spiderling", "fg": 476, "rotates": false}, {"id": "mon_dragon_black_wyrmling", "fg": 477, "bg": 4, "rotates": false}, {"id": "corpse_mon_dragon_black_wyrmling", "fg": 478, "rotates": false}, {"id": "mon_forgedemons", "fg": 479, "bg": 4, "rotates": false}, {"id": "corpse_mon_forgedemons", "fg": 480, "rotates": false}, {"id": "mon_forgedwarves", "fg": [{"weight": 3, "sprite": 481}, {"weight": 3, "sprite": 482}, {"weight": 3, "sprite": 483}, {"weight": 3, "sprite": 484}, {"weight": 3, "sprite": 485}, {"weight": 3, "sprite": 486}, {"weight": 3, "sprite": 487}, {"weight": 3, "sprite": 488}], "bg": 2, "rotates": false}, {"id": "corpse_mon_forgedwarves", "fg": 489, "rotates": false}, {"id": "mon_forgemaster1", "fg": 490, "bg": 2, "rotates": false}, {"id": "corpse_mon_forgemaster1", "fg": 491, "rotates": false}, {"id": "mon_goblin_chieftain", "fg": [{"weight": 3, "sprite": 492}, {"weight": 3, "sprite": 493}, {"weight": 3, "sprite": 494}, {"weight": 3, "sprite": 495}, {"weight": 3, "sprite": 496}, {"weight": 3, "sprite": 497}], "bg": 2, "rotates": false}, {"id": "corpse_mon_goblin_chieftain", "fg": 498, "rotates": false}, {"id": "mon_goblin_slinger", "fg": [{"weight": 3, "sprite": 499}, {"weight": 3, "sprite": 500}, {"weight": 3, "sprite": 501}, {"weight": 3, "sprite": 502}, {"weight": 3, "sprite": 503}, {"weight": 3, "sprite": 504}], "bg": 2, "rotates": false}, {"id": "corpse_mon_goblin_slinger", "fg": 505, "rotates": false}, {"id": "mon_goblin_warrior", "fg": [{"weight": 3, "sprite": 506}, {"weight": 3, "sprite": 507}, {"weight": 3, "sprite": 508}, {"weight": 3, "sprite": 509}, {"weight": 3, "sprite": 510}, {"weight": 3, "sprite": 511}], "bg": 2, "rotates": false}, {"id": "corpse_mon_goblin_warrior", "fg": 512, "rotates": false}, {"id": "mon_leprechaun", "fg": 513, "bg": 4, "rotates": false}, {"id": "corpse_mon_leprechaun", "fg": 514, "rotates": false}, {"id": "mon_workshop_elf", "fg": 515, "bg": 4, "rotates": false}, {"id": "corpse_mon_workshop_elf", "fg": 516, "rotates": false}, {"id": "mon_yulecat_cub", "fg": 517, "bg": 4, "rotates": false}, {"id": "corpse_mon_yulecat_cub", "fg": 518, "rotates": false}, {"id": "mon_crocodile", "fg": 519, "rotates": false}, {"id": "corpse_mon_crocodile", "fg": 520, "rotates": false}, {"id": "mon_baleful_polymorph_frog", "fg": 521, "bg": 1, "rotates": false}, {"id": "corpse_mon_baleful_polymorph_frog", "fg": 522, "rotates": false}, {"id": "mon_black_pudding", "fg": 523, "rotates": false}, {"id": "mon_krabgek", "fg": 524, "bg": 4, "rotates": false}, {"id": "corpse_mon_krabgek", "fg": 525, "rotates": false}, {"id": "mon_lemure", "fg": 526, "bg": 4, "rotates": false}, {"id": "corpse_mon_lemure", "fg": 527, "rotates": false}, {"id": "mon_loup_garou", "fg": 528, "bg": 4}, {"id": "mon_owlbear", "fg": 529}, {"id": "corpse_mon_owlbear", "fg": 530}, {"id": "mon_owlbear_cub", "fg": 531}, {"id": "corpse_mon_owlbear_cub", "fg": 532}, {"id": "mon_shrieker", "fg": 533, "bg": 4, "rotates": false}, {"id": "corpse_mon_shrieker", "fg": 534, "rotates": false}, {"id": "mon_stirge", "fg": 535, "rotates": false}, {"id": "corpse_mon_stirge", "fg": 536, "rotates": false}, {"id": "mon_winter_wolf", "fg": 537, "bg": 4, "rotates": false}, {"id": "corpse_mon_winter_wolf", "fg": 538, "rotates": false}, {"id": "mon_wisp", "fg": [{"weight": 3, "sprite": 539}, {"weight": 3, "sprite": 540}, {"weight": 3, "sprite": 541}, {"weight": 3, "sprite": 542}]}, {"id": "mon_animated_blade", "fg": 543}, {"id": "mon_mirror_image", "fg": 544}, {"id": "mon_orc_archer", "fg": [{"weight": 3, "sprite": 545}, {"weight": 3, "sprite": 546}, {"weight": 3, "sprite": 547}, {"weight": 3, "sprite": 548}, {"weight": 3, "sprite": 549}, {"weight": 3, "sprite": 550}], "bg": 4, "rotates": false}, {"id": "corpse_mon_orc_archer", "fg": 551, "rotates": false}, {"id": "mon_orc_blood_warrior", "fg": [{"weight": 3, "sprite": 552}, {"weight": 3, "sprite": 553}, {"weight": 3, "sprite": 554}, {"weight": 3, "sprite": 555}, {"weight": 3, "sprite": 556}, {"weight": 3, "sprite": 557}], "bg": 4, "rotates": false}, {"id": "corpse_mon_orc_blood_warrior", "fg": 558, "rotates": false}, {"id": "mon_orc_warrior", "fg": [{"weight": 3, "sprite": 559}, {"weight": 3, "sprite": 560}, {"weight": 3, "sprite": 561}, {"weight": 3, "sprite": 562}, {"weight": 3, "sprite": 563}, {"weight": 3, "sprite": 564}], "bg": 4, "rotates": false}, {"id": "corpse_mon_orc_warrior", "fg": 565, "rotates": false}, {"id": "mon_were_zolf", "fg": 566, "bg": 4}, {"id": "mon_zorc", "fg": 567, "bg": 4}, {"id": "corpse_mon_zorc", "fg": 568, "rotates": false}, {"id": "overlay_wielded_skewer", "fg": 569, "rotates": false}, {"id": "skewer", "fg": 569, "bg": 3, "rotates": false}, {"id": "overlay_mutation_DRAGON_FEET", "fg": 570}, {"id": "overlay_mutation_DRAGON_MAW_BLACK", "fg": 571}, {"id": "overlay_female_mutation_DRAGON_SCALES_BLACK", "fg": 572}, {"id": "overlay_male_mutation_DRAGON_SCALES_BLACK", "fg": 573}, {"id": "overlay_mutation_DRAGON_TAIL", "fg": 574}, {"id": "overlay_mutation_DRAGON_TAIL_SCALED", "fg": 575}, {"id": "overlay_mutation_DRAGON_TALONS_BLACK", "fg": 576, "rotates": false}, {"id": "overlay_mutation_DRAGON_WINGS_BLACK", "fg": 577}, {"id": "overlay_mutation_MUZZLE_DRAGON", "fg": 578}, {"id": "overlay_mutation_SCALED_HANDS", "fg": 579, "rotates": false}, {"id": "f_null", "fg": 580, "rotates": false}, {"id": "mon_null", "fg": 580, "rotates": false}, {"id": "null", "fg": 580, "rotates": false}, {"id": "t_null", "fg": 580, "rotates": false}, {"id": "vp_null", "fg": 580, "rotates": false}, {"id": "fungicide", "fg": 581, "bg": 3, "rotates": false}, {"id": "overlay_wielded_fungicide", "fg": 581, "rotates": false}, {"id": "t_demon_web_wall", "fg": 582, "bg": 6, "rotates": true, "multitile": true, "additional_tiles": [{"id": "center", "fg": 583, "bg": 6}, {"id": "corner", "fg": [584, 585, 586, 587], "bg": 6}, {"id": "t_connection", "fg": [594, 595, 596, 597], "bg": 6}, {"id": "edge", "fg": [588, 589], "bg": 6}, {"id": "end_piece", "fg": [590, 591, 592, 593], "bg": 6}, {"id": "unconnected", "fg": 598, "bg": 6}]}, {"id": "t_dirt_barren", "fg": [{"weight": 40, "sprite": 599}, {"weight": 40, "sprite": 600}, {"weight": 40, "sprite": 601}, {"weight": 40, "sprite": 602}, {"weight": 1, "sprite": 603}], "rotates": false}, {"id": "t_webbed_corpse", "fg": 604, "rotates": false}, {"id": "tr_bear", "fg": 605, "rotates": false}, {"id": "tr_forge_vault", "fg": 606, "rotates": false}, {"id": "tr_magic_door", "fg": 607, "rotates": false}, {"id": "vp_folding_orichalcum_frame", "fg": 608, "rotates": false, "multitile": true, "additional_tiles": [{"id": "broken", "fg": 609}]}, {"id": "vp_frame_orichalcum_cover", "fg": 610, "rotates": false, "multitile": true, "additional_tiles": [{"id": "broken", "fg": 611}]}, {"id": "vp_frame_orichalcum_cross", "fg": 612, "rotates": true, "multitile": true, "additional_tiles": [{"id": "broken", "fg": 613}]}, {"id": "vp_frame_orichalcum_horizontal", "fg": 614, "rotates": false, "multitile": true, "additional_tiles": [{"id": "broken", "fg": 615}]}, {"id": "vp_frame_orichalcum_horizontal_2", "fg": 616, "rotates": false, "multitile": true, "additional_tiles": [{"id": "broken", "fg": 617}]}, {"id": "vp_frame_orichalcum_ne", "fg": 618, "rotates": false, "multitile": true, "additional_tiles": [{"id": "broken", "fg": 619}]}, {"id": "vp_frame_orichalcum_nw", "fg": 620, "rotates": false, "multitile": true, "additional_tiles": [{"id": "broken", "fg": 621}]}, {"id": "vp_frame_orichalcum_se", "fg": 622, "rotates": false, "multitile": true, "additional_tiles": [{"id": "broken", "fg": 623}]}, {"id": "vp_frame_orichalcum_sw", "fg": 624, "rotates": false, "multitile": true, "additional_tiles": [{"id": "broken", "fg": 625}]}, {"id": "vp_frame_orichalcum_vertical", "fg": 626, "rotates": false, "multitile": true, "additional_tiles": [{"id": "broken", "fg": 627}]}, {"id": "vp_frame_orichalcum_vertical_2", "fg": 628, "rotates": false, "multitile": true, "additional_tiles": [{"id": "broken", "fg": 629}]}], "//": "range 1 to 640", "sprite_width": 32, "sprite_height": 32, "sprite_offset_x": 0, "sprite_offset_y": 0}, {"file": "Magiclysm_normal_offset.png", "tiles": [{"id": "overlay_worn_wizard_hat", "fg": 641, "rotates": false}], "//": "range 641 to 656", "sprite_width": 32, "sprite_height": 32, "sprite_offset_x": 0, "sprite_offset_y": -16}, {"file": "Magiclysm_large.png", "tiles": [{"id": "bg_big_dirt", "fg": 657, "rotates": false}, {"id": "bg_big_golem_shadow", "fg": 658, "rotates": false}, {"id": "bg_big_large_shadow", "fg": 660, "rotates": false}, {"id": "bg_big_normal_shadow", "fg": 660, "rotates": false}, {"id": "bg_big_snow", "fg": 661, "rotates": false}, {"id": "bg_big_tall_shadow", "fg": 662, "rotates": false}, {"id": "f_alembic", "fg": 663, "rotates": false}, {"id": "f_everburning_candelabra", "fg": [{"weight": 11, "sprite": 664}, {"weight": 11, "sprite": 665}, {"weight": 11, "sprite": 666}], "rotates": false, "animated": true}, {"id": "f_glow_boulder", "fg": 667, "rotates": false}, {"id": "f_glow_boulder_season_autumn", "fg": 668, "rotates": false}, {"id": "f_glow_boulder_season_spring", "fg": 669, "rotates": false}, {"id": "f_glow_boulder_season_summer", "fg": 670, "rotates": false}, {"id": "f_glow_boulder_season_winter", "fg": 671, "rotates": false}, {"id": "f_huge_mana_crystal", "fg": 672, "rotates": false}, {"id": "overlay_worn_magic_lamp", "fg": 673, "rotates": false}, {"id": "overlay_worn_magic_light", "fg": 674, "rotates": false}, {"id": "overlay_wielded_gungnir", "fg": 675, "rotates": false}, {"id": "mon_demon_spider_queen", "fg": 676, "rotates": false}, {"id": "corpse_mon_demon_spider_queen", "fg": 677, "rotates": false}, {"id": "mon_dragon_black_young", "fg": 678, "rotates": false}, {"id": "corpse_mon_dragon_black_young", "fg": 679, "rotates": false}, {"id": "mon_forgeborn", "fg": 680, "bg": 662, "rotates": false}, {"id": "corpse_mon_forgeborn", "fg": 681, "rotates": false}, {"id": "mon_claygolem", "fg": 682, "bg": 658, "rotates": false}, {"id": "mon_irongolem", "fg": 683, "bg": 658, "rotates": false}, {"id": "mon_plasticgolem", "fg": 684, "bg": 658, "rotates": false}, {"id": "mon_stonegolem", "fg": 685, "bg": 658, "rotates": false}, {"id": "mon_yulecat", "fg": 686, "bg": 659, "rotates": false}, {"id": "corpse_mon_yulecat", "fg": 687, "rotates": false}, {"id": "mon_lizardfolk_chieftan", "fg": 688, "rotates": false}, {"id": "corpse_mon_lizardfolk_chieftan", "fg": 689, "rotates": false}, {"id": "mon_lizardfolk_hunter", "fg": 690, "rotates": false}, {"id": "corpse_mon_lizardfolk_hunter", "fg": 691, "rotates": false}, {"id": "mon_lizardfolk_shaman", "fg": 692, "rotates": false}, {"id": "corpse_mon_lizardfolk_shaman", "fg": 693, "rotates": false}, {"id": "mon_lizardfolk_warrior", "fg": 694, "rotates": false}, {"id": "corpse_mon_lizardfolk_warrior", "fg": 695, "rotates": false}, {"id": "mon_bulette", "fg": 696, "rotates": false}, {"id": "corpse_mon_bulette", "fg": 697, "rotates": false}, {"id": "mon_ogre", "fg": 698, "rotates": false}, {"id": "corpse_mon_ogre", "fg": 699, "rotates": false}, {"id": "mon_troll", "fg": 700, "rotates": false}, {"id": "corpse_mon_troll", "fg": 701, "rotates": false}, {"id": "t_thconc_floor_echandelier", "fg": [{"weight": 11, "sprite": 702}, {"weight": 11, "sprite": 703}, {"weight": 11, "sprite": 704}], "bg": 705, "rotates": false, "animated": true}, {"id": "t_tree_burnt", "fg": 706, "bg": 657, "rotates": false}, {"id": "t_tree_burnt_season_autumn", "fg": 707, "bg": 657, "rotates": false}, {"id": "t_tree_burnt_season_spring", "fg": 708, "bg": 657, "rotates": false}, {"id": "t_tree_burnt_season_summer", "fg": 709, "bg": 657, "rotates": false}, {"id": "t_tree_burnt_season_winter", "fg": 710, "bg": 661, "rotates": false}], "//": "range 657 to 720", "sprite_width": 64, "sprite_height": 80, "sprite_offset_x": -16, "sprite_offset_y": -48}, {"file": "Magiclysm_huge.png", "tiles": [{"id": "f_orrery", "fg": 721, "rotates": false}, {"id": "mon_dragon_black_adult", "fg": 722, "rotates": false}, {"id": "corpse_mon_dragon_black_adult", "fg": 723, "rotates": false}], "//": "range 721 to 736", "sprite_width": 160, "sprite_height": 128, "sprite_offset_x": -48, "sprite_offset_y": -48}]}]